{
  "Total" : {
    "transaction" : "Total",
    "sampleCount" : 750,
    "errorCount" : 0,
    "errorPct" : 0.0,
    "meanResTime" : 2.766666666666671,
    "medianResTime" : 2.0,
    "minResTime" : 1.0,
    "maxResTime" : 440.0,
    "pct1ResTime" : 3.0,
    "pct2ResTime" : 3.0,
    "pct3ResTime" : 14.450000000000045,
    "throughput" : 25.4323499491353,
    "receivedKBytesPerSec" : 809.4391769455748,
    "sentKBytesPerSec" : 5.935870740081384
  },
  "GET Category Transactions" : {
    "transaction" : "GET Category Transactions",
    "sampleCount" : 750,
    "errorCount" : 0,
    "errorPct" : 0.0,
    "meanResTime" : 2.766666666666671,
    "medianResTime" : 2.0,
    "minResTime" : 1.0,
    "maxResTime" : 440.0,
    "pct1ResTime" : 3.0,
    "pct2ResTime" : 3.0,
    "pct3ResTime" : 14.450000000000045,
    "throughput" : 25.4323499491353,
    "receivedKBytesPerSec" : 809.4391769455748,
    "sentKBytesPerSec" : 5.935870740081384
  }
}