{
  "Total" : {
    "transaction" : "Total",
    "sampleCount" : 75000,
    "errorCount" : 42455,
    "errorPct" : 56.606667,
    "meanResTime" : 26.787626666666757,
    "medianResTime" : 21.0,
    "minResTime" : 0.0,
    "maxResTime" : 4583.0,
    "pct1ResTime" : 28.0,
    "pct2ResTime" : 31.0,
    "pct3ResTime" : 55.9900000000016,
    "throughput" : 1325.0181085808172,
    "receivedKBytesPerSec" : 20016.303881999407,
    "sentKBytesPerSec" : 134.46088808786635
  },
  "GET Category Transactions" : {
    "transaction" : "GET Category Transactions",
    "sampleCount" : 75000,
    "errorCount" : 42455,
    "errorPct" : 56.606667,
    "meanResTime" : 26.787626666666757,
    "medianResTime" : 21.0,
    "minResTime" : 0.0,
    "maxResTime" : 4583.0,
    "pct1ResTime" : 28.0,
    "pct2ResTime" : 31.0,
    "pct3ResTime" : 55.9900000000016,
    "throughput" : 1325.0181085808172,
    "receivedKBytesPerSec" : 20016.303881999407,
    "sentKBytesPerSec" : 134.46088808786635
  }
}